ID;district;year;gva;age;rent;skill;academic;wage;pop;tax;car;spec;area;emp;den;dist;market;tech;hosp;recr;east;waste
1;Flensburg, Stadt;2012;20,34;42,54;5,65;56,91;9,85;2193,46;1470,96;484,33;472,47;13,42;57;56;982,46;5,88;167,08;93,5;10,2;24,1;west;3785,65
2;Kiel, Landeshauptstadt;2012;16,25;41,35;6,48;53,71;15,15;2449,05;2021,63;335,72;415,75;11,91;119;161;1352,94;3,07;440,7;93,22;9,5;28,5;west;927,78
3;Lübeck, Hansestadt;2012;22,47;44,42;6,46;59,62;10,44;2276,87;988,34;301,31;423,47;17,35;214;126;588,79;3,41;172,66;91,14;8,1;55,6;west;1583,59
4;Neumünster, Stadt;2012;24,43;43,9;5,11;62,48;5,5;2248,19;1074,28;460,89;493,48;18,79;72;48;666,67;7,56;88,18;95,59;8,3;47,7;west;8934,78
5;Dithmarschen;2012;34,88;44,74;4,99;64,85;5,35;2149,91;93,11;346,5;547,78;23,09;1428;57;39,92;14,94;2,67;51,4;5,3;58,4;west;1925,94
6;Herzogtum Lauenburg;2012;25,1;44,1;5,61;62,72;8,67;2149,99;148,78;287,69;548,61;22,5;1263;67;53,05;11,02;4,81;87,5;2,9;58,9;west;2362,7
7;Nordfriesland;2012;25,09;44,43;5,31;60,08;5,06;2115,72;77,88;511,99;568,69;18,54;2083;88;42,25;40,57;1,04;48,53;4,5;89,4;west;1052,89
8;Ostholstein;2012;17,49;46,63;5,96;63,38;6,16;2002,63;142,1;272,43;565,77;16,28;1393;86;61,74;9,03;6,84;62,47;8,8;111,2;west;1149,05
9;Pinneberg;2012;30,89;43,99;7,52;59,42;10,29;2389,9;449,87;409,2;531,26;25,62;664;125;188,25;9,97;18,88;82,76;3,2;49,4;west;1131,38
10;Plön;2012;22,15;45,68;5,83;65,33;8,69;1933,45;116,99;333,26;566,72;18,84;1083;42;38,78;17,97;2,16;48,83;1,8;96,9;west;390,49
11;Rendsburg-Eckernförde;2012;19,26;44,18;5,61;63,82;9,43;2124,47;122,61;280,28;573,48;19,1;2186;114;52,15;13,08;3,99;64,82;4,2;79,9;west;1024,64
12;Schleswig-Flensburg;2012;19,91;44,13;5,22;65,5;6,3;1988,35;94,1;268,82;575,87;19,24;2071;79;38,15;16,32;2,34;40,04;3,4;65,2;west;287,33
13;Segeberg;2012;27,93;43,61;7,49;62,2;8,39;2333,94;194,87;439,13;567,01;23,65;1344;117;87,05;7,73;11,26;87,08;6,2;60,8;west;2936,86
14;Steinburg;2012;36,62;44,19;5,31;63,97;6,43;2145,36;123,22;295,87;557,24;23,82;1056;56;53,03;11,07;4,79;88,94;4,9;52,9;west;5923,48
15;Stormarn;2012;28,32;44,29;7,42;60,68;11,63;2397,61;303,95;629,84;578,89;25,14;766;107;139,69;6,41;21,79;85,79;4,9;52,3;west;3884,5
16;Hamburg, Freie und Hansestadt;2012;16,32;41,96;9,27;46,53;18,57;3020,19;2296,14;967,91;421,67;12,72;755;1178;1560,26;6,51;239,67;94,18;6,8;35,2;west;2082,98
17;Braunschweig, Stadt;2012;16,08;43,13;5,56;51,65;22,36;2696,77;1279,07;834,25;490,81;18,63;192;155;807,29;2,36;342,07;88,57;8,2;58,4;west;854,78
18;Salzgitter, Stadt;2012;61,84;45,11;4,85;63,15;5,75;3067,35;438,08;888,09;506,2;48,25;224;56;250;2,96;84,46;79,7;5;73;west;11824,12
19;Wolfsburg, Stadt;2012;72,3;44,16;5,63;58,42;13,22;4162,37;596,71;3632,75;996,21;48,84;204;125;612,75;4,52;135,56;89,22;5,1;75,6;west;792,28
20;Gifhorn;2012;23,13;42,56;5,15;63,56;11,31;2080,13;109,43;259,1;541,23;21,74;1563;55;35,19;24,41;1,44;37,15;2,5;79,5;west;234,34
21;Goslar;2012;29,71;47,03;4,73;66,17;8,49;2189,1;143,64;268,91;540,06;22,87;965;62;64,25;11,79;5,45;69,96;7,6;75,9;west;2678,16
22;Helmstedt;2012;33,52;45,57;4,92;67,03;8,13;2114,35;134,12;79,57;548,53;24,18;674;30;44,51;10,15;4,39;48,82;8,3;67,6;west;7364,73
23;Northeim;2012;33,06;45,89;4,73;68,59;6,71;2177,25;106,88;364,99;592,48;29,17;1267;60;47,36;16,78;2,82;55,25;3,6;87,7;west;1651,91
24;Peine;2012;32,85;43,84;5,1;66,88;8,51;2130,14;243,11;251,25;566,09;25,24;535;44;82,24;7,71;10,67;61,81;2,4;65,7;west;1155,47
25;Wolfenbüttel;2012;31,77;44,94;5,36;63,96;11,83;2018,64;166,24;273,23;561,72;21,07;723;36;49,79;8,63;5,77;52,88;2,6;73,9;west;296,45
26;Göttingen;2012;27,69;43,98;5,28;61,49;15,75;2333,5;184,36;401,68;522,34;21,42;1753;170;96,98;16,63;5,83;63,98;10,6;70,3;west;1146,66
27;Region Hannover;2012;23,58;43,45;6,01;57,65;14,92;2675,33;485,72;740,6;472,98;16,57;2291;639;278,92;9,15;30,48;82,77;6,4;57,2;west;1713,18
28;Diepholz;2012;31,02;44,07;5,51;64,69;7,42;2021,54;105,47;564,56;591,14;24,3;1988;96;48,29;28,99;1,67;53,43;2,3;61,4;west;2285,07
29;Hameln-Pyrmont;2012;33,54;45,93;4,78;64,51;7,8;2355,66;186,57;396,87;567,88;24,55;796;70;87,94;23,81;3,69;58,66;7,1;80,1;west;2610,81
30;Hildesheim;2012;30,62;44,6;5;65,4;10,34;2255,31;228,31;325,37;534,08;25,62;1206;124;102,82;14,08;7,3;59,12;6,7;68,8;west;1315,85
31;Holzminden;2012;48,83;46,05;4,24;67,48;6,72;2299,97;104,62;408,3;580,09;37,13;693;30;43,29;44,69;0,97;51,2;2,8;102,9;west;824,85
32;Nienburg (Weser);2012;30,73;44;4,79;66,53;5,85;2166,88;85,94;320,65;573,49;26,28;1399;54;38,6;32,41;1,19;48,85;2,7;65,4;west;3379,25
33;Schaumburg;2012;31,17;45,38;4,97;67,55;8,23;2041,16;230,97;230,16;584,35;23,68;676;62;91,72;9,15;10,02;52,66;4;51,8;west;1261,76
34;Celle;2012;34,95;44,21;5,33;66,48;7,84;2295,92;113,71;364,61;557,03;25,13;1545;79;51,13;27,24;1,88;51,87;3,9;86,6;west;166,51
35;Cuxhaven;2012;22,26;45,23;5,24;63,76;6,27;1965,37;95,95;203,27;569,04;19,07;2058;71;34,5;13,51;2,55;58,65;3,8;78,4;west;280,82
36;Harburg;2012;18,26;43,92;7,19;62,73;10,92;2076,02;193,22;303,42;604,43;17,15;1245;87;69,88;6,85;10,2;71,48;3,4;72,2;west;1424,68
37;Lüchow-Dannenberg;2012;27,89;46,77;3,94;65,76;6,78;1937,32;40,08;259,61;566,89;23,09;1221;20;16,38;53,59;0,31;36,55;2,3;87,5;west;
38;Lüneburg;2012;19,34;42,35;6,53;60,63;13,66;2134,86;132,71;273,16;517,19;18,57;1324;79;59,67;21,46;2,78;57,59;5;82,5;west;2895,52
39;Osterholz;2012;18,73;44,41;5,5;62,63;9,2;1925,68;170,28;201,69;582,61;18,6;651;39;59,91;13,25;4,52;50,35;2;60,3;west;389,88
40;Rotenburg (Wümme);2012;23,38;42,78;5,29;65,87;6,48;2033,86;78,14;348,15;600,62;21,45;2070;80;38,65;17,85;2,17;37,99;6,4;88,2;west;712,35
41;Heidekreis;2012;24,73;43,95;4,37;65,84;5,78;2117,18;72,46;304,45;572,42;20,35;1874;70;37,35;8,56;4,36;63,32;3,7;121,5;west;1318,89
42;Stade;2012;32,01;42,92;6,46;63,39;9,3;2287,55;154,64;354,7;558,98;23,01;1266;87;68,72;17,09;4,02;64,89;4,4;41,3;west;8608,88
43;Uelzen;2012;20,55;45,62;4,81;66,12;7,21;2024,35;63,82;482,49;552,19;18,13;1454;41;28,2;41,1;0,69;54,38;8,2;90,7;west;823,74
44;Verden;2012;35,14;43,52;5,69;63,33;9,24;2271,32;167,69;522,04;581,86;25,47;788;60;76,14;6,82;11,16;62,76;2;64,6;west;
45;Delmenhorst, Stadt;2012;19,94;44,06;5,18;61,18;5,84;1955,59;1180,05;250,71;507,16;17,09;62;31;500;4,89;102,25;94,82;6,7;26;west;
46;Emden, Stadt;2012;46,73;42,82;5,51;62,85;8,86;2790,36;442,82;1555,85;434,85;34,81;112;41;366,07;4,2;87,16;93,52;7;43;west;
47;Oldenburg (Oldenburg), Stadt;2012;12,52;41,99;6,51;53,27;17,87;2352,82;1540,52;528,44;495,08;10,47;103;111;1077,67;3,03;355,67;95,75;10,5;36,1;west;885,82
48;Osnabrück, Stadt;2012;22,05;42,14;5,94;53,3;16,9;2324,18;1299,04;688,92;479,69;17,07;120;122;1016,67;6,01;169,16;91,98;12,4;33,2;west;2042,24
49;Wilhelmshaven, Stadt;2012;22,84;45,8;4,68;61,9;7,34;2287,06;715,98;241,36;482,81;14,51;107;46;429,91;8,36;51,42;94,56;8,6;66,8;west;1137,15
50;Ammerland;2012;28,61;43,65;5,48;62,62;7,78;2158,59;162,68;349,47;584,64;25,15;728;56;76,92;5,68;13,54;61,79;6,5;80,4;west;717,18
51;Aurich;2012;20,52;43,63;4,82;64,75;5,91;1878,39;145,01;745,01;543,14;19,57;1287;79;61,38;22,8;2,69;57,15;3,7;74,7;west;707,56
52;Cloppenburg;2012;39,35;39,65;5,02;58,92;4,69;1987,42;112,83;484,43;519,6;32,86;1418;82;57,83;20,34;2,84;47,18;3,3;83,5;west;1931,32
53;Emsland;2012;44,19;41,43;4,98;67,87;7,21;2166,29;108,55;475,52;548,05;32,79;2882;175;60,72;16,46;3,69;57,55;5,2;65,1;west;1956,08
54;Friesland;2012;24,88;45,37;4,4;64,75;7,08;2091,47;160,1;156,3;596,87;20,72;608;41;67,43;9,72;6,94;69,12;4,6;79,4;west;3832,5
55;Grafschaft Bentheim;2012;35,19;42,28;5,11;68,38;5,96;1996,12;136,26;377,02;548,1;27,59;981;67;68,3;15,95;4,28;67,61;4,4;73,7;west;6814,47
56;Leer;2012;17,34;42,74;5,02;66,35;6,15;1907,97;151,2;308,91;542,33;18,64;1086;69;63,54;10,8;5,88;56,34;4,2;41,6;west;1937,9
57;Oldenburg;2012;27,82;43,31;5,38;63,33;8,22;1879,56;117,97;435,85;584,08;25,51;1063;51;47,98;6,14;7,81;57,88;2,1;95,2;west;2276,08
58;Osnabrück;2012;38,96;42,47;4,97;64,79;7,29;2091,22;165,18;425,89;572,96;31,94;2122;160;75,4;11,78;6,4;54,57;4,8;49,5;west;2194,25
59;Vechta;2012;38,23;39,54;5,42;59,65;6,81;2099;164,24;610,66;546,42;32,59;813;89;109,47;7,37;14,85;59,1;6,9;62;west;998,68
60;Wesermarsch;2012;54,31;44,34;4,54;66,58;5,79;2532,89;108,44;519,72;537,68;36,46;822;38;46,23;18,66;2,48;66,34;2,5;80,5;west;5273,55
61;Wittmund;2012;17,66;44,24;4,75;60,81;4,49;1846,02;85,83;455,52;564,07;16,87;657;24;36,53;24,74;1,48;39,89;2,8;52;west;1802,3
62;Bremen, Stadt;2012;28,48;43,39;6,16;50,3;16,46;2640,55;1678,5;532,98;411,88;19,66;326;351;1076,69;5,77;186,6;92,06;7,4;54,6;west;3089,84
63;Bremerhaven, Stadt;2012;18,97;44,15;4,49;54,94;6,77;2627,07;1154,58;439,11;414,69;18,08;94;64;680,85;4,16;163,67;96,16;10,2;61;west;4211,41
64;Düsseldorf, Stadt;2012;14,12;42,93;8,12;43,38;22,13;3191,92;2730,7;1368,99;475,74;11,62;217;502;2313,36;7,63;303,19;93,6;8,7;33;west;2015,31
65;Duisburg, Stadt;2012;32,66;43,47;5,13;55,92;7,98;2728,68;2091,13;371,86;441,52;25,05;233;224;961,37;2,18;441;69,51;9,3;38,6;west;3243,54
66;Essen, Stadt;2012;22,25;44,17;5,59;52,97;14,32;2756,4;2695,49;522,05;470,18;14,76;210;322;1533,33;0,43;3565,89;81,27;9,9;42,8;west;1958,84
67;Krefeld, Stadt;2012;38,4;44,11;5,66;54,57;11,5;2758,85;1611,8;541,75;484,98;26,1;138;118;855,07;7,94;107,69;86,19;8,7;56,6;west;6637,63
68;Mönchengladbach, Stadt;2012;25,52;43,54;5,5;55,91;9,39;2403,31;1496,55;650,01;484,03;20,31;170;127;747,06;4,87;153,4;79,55;8,5;38,8;west;834,73
69;Mülheim an der Ruhr, Stadt;2012;31,07;45,58;5,61;54,86;13,7;2748,14;1825,74;527,06;522,38;25,77;91;83;912,09;7,64;119,38;87,87;5,5;43;west;4244,97
70;Oberhausen, Stadt;2012;29,2;44,21;5,16;60,04;7,64;2435,15;2723,8;538,34;483,52;21,56;77;93;1207,79;4,86;248,52;74,8;7,2;41,2;west;5282,81
71;Remscheid, Stadt;2012;45,02;44,32;5,51;58,21;7,66;2686,8;1467,42;635,9;520,01;37,84;75;61;813,33;3,32;244,98;72,73;8,5;38,5;west;758,51
72;Solingen, Klingenstadt;2012;34,45;43,9;5,64;55,16;8,99;2403,01;1734,41;633,59;529,39;31,36;90;71;788,89;12,1;65,2;60,29;7,5;34,6;west;1480,39
73;Wuppertal, Stadt;2012;34,47;43,63;5,31;54,64;10,77;2588,12;2036,26;533,66;454,12;23,98;168;165;982,14;3,93;249,91;82,35;6,1;35,2;west;3369,56
74;Kleve;2012;25,25;43,03;5,61;61,87;7,03;2073,49;244,91;442,21;559,31;21,32;1233;137;111,11;8,93;12,44;43,35;5,9;71;west;670,04
75;Mettmann;2012;34,78;45,06;6,45;56,3;12,06;2842,18;1172,33;908,44;566,53;27,79;407;243;597,05;4,01;148,89;77,95;5,3;50,9;west;1249,97
76;Rhein-Kreis Neuss;2012;36,68;43,87;6,76;56,58;12,23;2776,35;761,86;626,59;561,57;23,96;577;194;336,22;3,64;92,37;70,92;4,7;48,3;west;7998,33
77;Viersen;2012;29,48;43,94;5,76;59,94;9,78;2273,72;524,53;461,37;568,98;25,48;563;125;222,02;4,04;54,96;65,39;5,6;42,5;west;2114,3
78;Wesel;2012;32,03;44,62;5,51;62,81;8,92;2185,85;439,52;389,37;564,45;23,13;1043;194;186;4,01;46,38;68,61;5,7;64,5;west;2384,52
79;Bonn, Stadt;2012;6,05;41,22;7,7;39,18;27,61;2946,67;2196,25;583,5;537,43;7;141;235;1666,67;3,9;427,35;95,98;13,3;20,4;west;1249,34
80;Köln, Stadt;2012;17,45;41,46;8,65;43,86;20,81;2957,2;2528,32;859,77;428,51;13,3;405;702;1733,33;4,88;355,19;93,94;7,2;41,5;west;1936,53
81;Leverkusen, Stadt;2012;46,68;43,99;6,45;58,46;10,77;3270,16;2027,72;581,88;506,82;26,76;79;81;1025,32;4,71;217,69;87,38;6,9;44;west;5235,63
82;Städteregion Aachen;2012;30,42;42,45;6,07;50,89;16,93;2481,94;767,69;543,95;484,64;21,53;707;285;403,11;10,49;38,43;81,55;7,1;29;west;5062,44
83;Düren;2012;31,8;43,41;5,44;60,25;9,12;2293;274,75;375,44;555,49;26,41;941;116;123,27;9,95;12,39;59,48;7,3;51,8;west;3164,26
84;Rhein-Erft-Kreis;2012;36,13;43,49;6,71;56,67;11,22;2539,63;645,44;464,28;549,39;23,1;705;191;270,92;3,58;75,68;51,27;3,2;42,1;west;9816,87
85;Euskirchen;2012;31,08;43,66;5,55;61,53;7,43;2229,17;150,33;343,73;588,15;24,89;1249;79;63,25;10,2;6,2;41,94;5,8;85,8;west;946,59
86;Heinsberg;2012;29,44;43,12;5,38;60,54;7,54;2018,1;394,64;378,28;564,72;24,5;628;98;156,05;6,64;23,5;67,57;4;55,6;west;1938,92
87;Oberbergischer Kreis;2012;41,82;43,16;5,31;61,02;8,08;2501,65;295,3;661,16;590,06;34,72;919;136;147,99;10,96;13,5;30,05;6;60,9;west;2352,09
88;Rheinisch-Bergischer Kreis;2012;25,15;44,5;6,71;57,57;15,07;2307,03;635,68;347,55;587,7;22,77;437;108;247,14;6,53;37,85;50,03;4,2;32,1;west;1479,93
89;Rhein-Sieg-Kreis;2012;23,15;43,12;6,4;56,77;12,72;2237,95;503,46;407,79;559,47;21,59;1153;226;196,01;8,27;23,7;53,1;2,6;52,5;west;1839
90;Bottrop, Stadt;2012;24,26;44,41;5,5;61,35;8,65;2203,89;1157,92;300,58;532,55;25,98;101;48;475,25;4,82;98,6;86,84;6;52,4;west;20280,28
91;Gelsenkirchen, Stadt;2012;35,02;43,54;4,8;57,07;6,44;2517,77;2454,8;48,83;445;20,67;105;115;1095,24;4,24;258,31;89,04;6,8;47,6;west;5179,44
92;Münster, Stadt;2012;12,23;40,58;7,76;48,85;24,26;2627,91;979;822,38;439,52;10,49;303;210;693,07;9,5;72,95;80,87;12,6;45,8;west;920,05
93;Borken;2012;40,41;41,26;5,54;66,28;6,61;2223,86;256,03;615,71;530,9;33,87;1421;197;138,63;9,81;14,13;64,07;5,3;44,5;west;2555,58
94;Coesfeld;2012;28,57;42,66;5,48;65,74;9,62;2106,7;193,42;384,83;564,04;25,05;1112;93;83,63;9,99;8,37;65,01;3,9;68,1;west;619,4
95;Recklinghausen;2012;31,35;44,54;5,14;61,54;9,13;2364,61;809,75;322,47;520,7;22,75;760;238;313,16;5,03;62,26;78,82;8,1;41;west;3129,26
96;Steinfurt;2012;33,72;42,16;5,1;64,66;8,09;2172,12;241,78;405,85;545,58;28,17;1796;211;117,48;8,56;13,72;59,45;5,4;49,6;west;1213,71
97;Warendorf;2012;41,97;42,82;5,02;64,85;7,94;2341,93;206,78;469,2;552,42;33,31;1319;127;96,29;14,66;6,57;61,76;5,7;65,2;west;2701,26
98;Bielefeld, Stadt;2012;24,16;42,27;5,53;52,86;14,48;2519,49;1268,5;573,77;460,36;18,19;259;192;741,31;5,92;125,22;78,71;12,1;41,9;west;2832,66
99;Gütersloh;2012;45,11;42,12;5,37;61,85;7,87;2540,48;362,79;846,24;565,44;36,84;969;204;210,53;7,13;29,53;50,7;3,5;50,3;west;3110,64
100;Herford;2012;39,95;43,89;4,94;63,05;7,68;2366,95;553,16;524,78;584,7;35,31;450;123;273,33;5,31;51,48;63,87;4,4;32;west;1167,26
101;Höxter;2012;28,97;43,68;4,31;68,23;7,58;2107,47;119,62;298,12;563,62;28;1201;63;52,46;25,86;2,03;46,25;6,8;58,4;west;3945,39
102;Lippe;2012;34,8;43,65;4,94;62,46;8,78;2355,53;278,04;459,83;564,97;29,37;1246;157;126;21,05;5,99;61,16;4,6;65,7;west;1593,68
103;Minden-Lübbecke;2012;33,79;43,61;4,97;64,42;7,68;2364,99;268,99;470,94;587,41;29,08;1152;163;141,49;19,22;7,36;57,12;7,4;39,4;west;2351,43
104;Paderborn;2012;32,7;40,92;5,38;59;11,64;2344,28;237,52;433,38;536,09;27,3;1247;158;126,7;8,69;14,58;61,43;6;62,1;west;1865,24
105;Bochum, Stadt;2012;18,71;44,31;5,52;54,22;14,92;2499,93;2486,7;361,65;515,08;17,92;146;183;1253,42;4,21;297,73;90,32;9,1;41,8;west;942,25
106;Dortmund, Stadt;2012;21,13;43,27;5,43;53,66;13,42;2491,96;2038;468,15;451,25;15,22;281;310;1103,2;6,21;177,65;74,58;8,1;32,1;west;1836,82
107;Hagen, Stadt der FernUniversität;2012;33,65;44,51;5;56,73;8,07;2544,75;1161,48;416,41;479,06;24,65;160;99;618,75;4,12;150,18;84,67;9,6;26,6;west;3219,63
108;Hamm, Stadt;2012;29,97;42,85;5;59,58;6,83;2281,31;779,23;379,77;489,85;20,16;226;79;349,56;11,01;31,75;70,82;9,9;38,5;west;2206,17
109;Herne, Stadt;2012;25,59;44,39;4,98;58,77;7,38;2429,02;3005,89;283,37;458,85;25,57;51;64;1254,9;1,1;1140,82;81,26;10,5;35,9;west;2570,16
110;Ennepe-Ruhr-Kreis;2012;40,78;45,31;5,26;60,51;11,85;2491,38;793,81;592,11;561,73;32,57;408;142;348,04;6,8;51,18;65,05;6,7;26,6;west;1340,82
111;Hochsauerlandkreis;2012;40,61;43,75;4,56;62,73;6,76;2288,37;134,54;515,76;566,87;34,6;1960;144;73,47;16,47;4,46;81,25;7,8;70,4;west;2317,64
112;Märkischer Kreis;2012;51,12;43,68;4,92;58,79;7,33;2553,16;395,8;603,66;554,49;44,04;1061;211;198,87;9,64;20,63;61,23;7,2;25,4;west;2491,45
113;Olpe;2012;56,41;42,52;5,18;63,71;6,85;2420,55;190,3;738,92;586,17;46,98;712;77;108,15;16,48;6,56;43,53;6,1;53,2;west;1878,42
114;Siegen-Wittgenstein;2012;44,98;43,58;5,51;63,44;8,9;2593,6;243,27;807,07;578,07;34,73;1133;154;135,92;20,81;6,53;61,18;7,8;32,9;west;2141,19
115;Soest;2012;39,36;43,33;5;62,01;9,27;2312,33;222,81;443,74;565,21;31,49;1329;151;113,62;9,5;11,96;73,99;6,9;55,3;west;3736,66
116;Unna;2012;34,49;44,38;4,92;60,48;8,85;2295,99;724,03;483,56;548,04;24,16;543;170;313,08;5,63;55,61;77,8;5,3;39,2;west;8157,37
117;Darmstadt, Wissenschaftsstadt;2012;28,82;40,97;8,7;40,15;28,27;3125,71;1211,61;1242,35;458,62;18,72;122;128;1049,18;4;262,3;82;10,2;33;west;2327,78
118;Frankfurt am Main, Stadt;2012;17,53;40,66;9,52;37,72;25,01;3524,68;2769,82;2158,04;448,03;11,24;248;647;2608,87;4,93;529,18;90,52;9,1;25,4;west;2654,94
119;Offenbach am Main, Stadt;2012;18,27;40,88;7,41;44,1;11,51;3057,21;2605,15;481,97;424,36;17,75;45;64;1422,22;5,52;257,65;88;9,6;22,6;west;2109,44
120;Wiesbaden, Landeshauptstadt;2012;16,75;42,39;8,44;47,55;18,98;3064,58;1336,98;837,7;496,59;13,36;204;179;877,45;4,64;189,11;95,25;7,8;48,2;west;1405,24
121;Bergstraße;2012;31,26;44,23;6,57;61,1;12,69;2486,71;363,71;355,75;594,64;26,16;720;105;145,83;11,01;13,25;58,06;4,1;34,5;west;276,39
122;Darmstadt-Dieburg;2012;25,22;43,2;7,35;57,87;14,41;2535,02;431,81;410,38;589,32;26,16;659;105;159,33;12,87;12,38;49,17;1,6;26,7;west;203,05
123;Groß-Gerau;2012;37,67;42,41;7,61;56,67;11,02;3082,59;562,59;336,39;573,15;28,37;453;119;262,69;5,32;49,38;70,94;4;34,6;west;2554,05
124;Hochtaunuskreis;2012;20,1;44,03;8,57;51,4;21,81;3099,89;473,21;710,9;672,9;16,78;482;117;242,74;11,35;21,39;82,13;4,9;35,5;west;55,64
125;Main-Kinzig-Kreis;2012;33,26;43,59;6,82;60,48;10,25;2586,3;288,46;430,63;569,83;29,37;1398;171;122,32;6,83;17,91;60,42;4,1;41,9;west;319,69
126;Main-Taunus-Kreis;2012;10,07;43,43;8,4;52,1;20,46;3187,91;1016,74;1087,71;750,62;13,2;222;116;522,52;3,9;133,98;63,91;3;32,2;west;3770,14
127;Odenwaldkreis;2012;39,56;44,37;5,56;64,02;7,77;2353,45;154,89;239,74;587,69;34,81;624;39;62,5;32,78;1,91;28,06;3,8;39,1;west;310,4
128;Offenbach;2012;18,36;43,4;7,63;54,83;13,34;2941,63;943,77;502;574,89;21,77;356;155;435,39;5,07;85,88;79,28;1,9;23,2;west;556,61
129;Rheingau-Taunus-Kreis;2012;27,76;44,34;6,96;60,68;14,44;2456,7;222,94;333,04;614,89;23,06;811;63;77,68;14;5,55;66,97;4,4;45,9;west;197,2
130;Wetteraukreis;2012;25,67;43,45;6,61;60,52;13,04;2613,25;267,04;257,35;579,16;23,85;1101;117;106,27;8,87;11,98;58,44;4,3;39,3;west;361,64
131;Gießen;2012;23,26;42,28;6,2;58,29;14,65;2533,04;296,08;354,42;541,39;20,12;855;132;154,39;7,4;20,86;57,56;8,8;49,8;west;1363,13
132;Lahn-Dill-Kreis;2012;38,4;43,71;5,45;65;8,69;2617,77;236,38;494,2;587,94;35,87;1067;126;118,09;8,24;14,33;40,14;6,9;45,8;west;1269,55
133;Limburg-Weilburg;2012;24,76;43,39;5,52;64,85;9,45;2494,2;230,07;337,36;596,64;25,67;738;75;101,63;12,05;8,43;37,67;5,8;46,2;west;1076,68
134;Marburg-Biedenkopf;2012;38,57;42,06;6,52;62,3;13,08;2580,7;191,1;639,04;535,74;30,6;1263;123;97,39;24,03;4,05;50,24;6,5;43,9;west;1181,5
135;Vogelsbergkreis;2012;28,65;45,58;4,96;69,56;6,7;2377,15;73,3;292,17;622,07;29,69;1459;45;30,84;14,9;2,07;35,75;7,2;86,4;west;1811,91
136;Kassel, documenta-Stadt;2012;21,77;42,46;5,5;51,99;17,62;2654,23;1806,27;865,41;421,34;16,73;107;145;1355,14;7,86;172,41;78,27;13;62,1;west;1716,77
137;Fulda;2012;29,9;42,89;5,1;66,43;9,69;2531,92;156,54;395,56;580,62;28,02;1380;121;87,68;12,21;7,18;64,54;6,7;54,8;west;734,03
138;Hersfeld-Rotenburg;2012;34,91;45,19;4,72;66,85;7,17;2731,31;109,53;499,89;603,84;27,37;1097;62;56,52;8,68;6,51;45,86;7,9;50,7;west;3309,52
139;Kassel;2012;38,88;45,53;4,77;70,16;8,03;2819,4;181,15;649,36;576,57;37,4;1293;98;75,79;16,77;4,52;33,75;4,7;54,8;west;553,64
140;Schwalm-Eder-Kreis;2012;29,26;44,69;4,42;70;6,8;2489,36;117,18;226,36;599,29;27,76;1538;76;49,41;7,81;6,33;28,42;3,6;48,6;west;496,22
141;Waldeck-Frankenberg;2012;34,69;44,51;4,46;68,68;6,14;2502,6;85,09;288,96;600,41;31,52;1848;82;44,37;26,71;1,66;57,47;10,5;73,9;west;913,35
142;Werra-Meißner-Kreis;2012;26,79;46,26;4,4;71,07;6,52;2266,39;98,48;210,63;583,76;26,85;1025;43;41,95;8,63;4,86;47,18;6;71,3;west;4439,26
143;Koblenz, kreisfreie Stadt;2012;15,29;43,65;5,69;55,59;13,6;2637,54;1044,32;950,97;498,99;12,34;105;101;961,9;4,76;202,08;76,98;16,2;47,7;west;1851,91
144;Ahrweiler;2012;24,93;45,31;5,45;63,69;8,36;2045,09;159,9;270,8;595,69;22,79;787;50;63,53;12,24;5,19;48,02;7,2;114,4;west;122,83
145;Altenkirchen (Westerwald);2012;41,82;43,83;4,5;66,98;5,83;2059,7;201,19;335,73;581,96;36,21;642;55;85,67;21,12;4,06;28,01;3;74,3;west;743,77
146;Bad Kreuznach;2012;31,82;44,42;5,63;63,37;7,84;2186,25;179,81;313,27;574,45;25,22;864;74;85,65;21,49;3,99;58,2;6,2;102,6;west;161,81
147;Birkenfeld;2012;33,36;45,56;4,45;66,6;4,9;2094,57;104,48;293,35;598,96;30,06;777;38;48,91;21,7;2,25;49,85;8,3;124,1;west;1920,92
148;Cochem-Zell;2012;24;45,11;4,75;66,08;4,87;2056,05;88,3;266,56;613,23;18,71;692;30;43,35;17,27;2,51;15,42;7,1;173,3;west;362,11
149;Mayen-Koblenz;2012;38,71;43,98;5,19;66,3;6,93;2178,91;256,98;412,47;584,73;27,38;817;94;115,06;8,37;13,75;68,95;4,7;70,7;west;2310,38
150;Neuwied;2012;38,41;44;5,11;64,53;7,17;2282,87;286,84;420,48;591,25;31,81;627;82;130,78;10,29;12,71;66,3;8,3;78,6;west;1856,93
151;Rhein-Hunsrück-Kreis;2012;36,42;44,31;4,64;66,28;6,24;2180,07;104,28;356,34;608,47;30,17;991;51;51,46;14,78;3,48;44,18;4,4;120;west;892,66
152;Rhein-Lahn-Kreis;2012;32,88;44,91;5;67,58;6,94;2087,2;155,74;326,74;601,66;27,04;782;48;61,38;24,46;2,51;50,84;8,2;96;west;2477,8
153;Westerwaldkreis;2012;39,19;43,29;4,97;67,07;6,64;2204,09;201,07;388,63;606,85;35,65;989;94;95,05;15,04;6,32;77,39;2,7;91,9;west;2079,63
154;Trier, kreisfreie Stadt;2012;23,04;41,16;7,19;53,65;14,11;2285,86;909,62;553,13;445,68;15,56;117;78;666,67;5,62;118,62;82,58;15,5;59;west;4443,23
155;Bernkastel-Wittlich;2012;41,14;44,42;5,05;66,24;5,34;2103,66;94,92;412,46;604,68;34,12;1168;57;48,8;14,04;3,48;34,38;4,5;144,8;west;1205,22
156;Eifelkreis Bitburg-Prüm;2012;42,07;43,29;5,55;65,65;4,89;2122,59;59;345,44;598,18;32,58;1626;42;25,83;15,41;1,68;11,28;6,7;210;west;994,08
157;Vulkaneifel;2012;34,51;44,97;4,61;67,67;5,11;2124,45;67,04;382,8;605,37;27,79;911;30;32,93;12,99;2,54;14,06;3,5;241,1;west;238,58
158;Trier-Saarburg;2012;30,62;43,31;5,78;68,81;6,86;1809,43;130,63;175,53;602,33;26,53;1101;49;44,5;13,08;3,4;30,87;2,6;189,7;west;1278,48
159;Frankenthal (Pfalz), kreisfreie Stadt;2012;44,4;44,14;6,6;60,25;8,97;2869,12;1074,84;479,79;516,64;33,28;44;23;522,73;3,6;145,2;95,08;6,7;45,2;west;8045,54
160;Kaiserslautern, kreisfreie Stadt;2012;22,19;42,58;5,09;50,92;12,99;2422,04;695;579,04;491,14;20,07;140;69;492,86;5,14;95,89;89,15;12,1;39,3;west;
161;Landau in der Pfalz, kreisfreie Stadt;2012;20,65;42,33;6,19;58,97;13,76;2252,22;526,05;544,35;548,29;15,39;83;29;349,4;4,65;75,14;85,32;18,4;50,7;west;890,26
162;Ludwigshafen am Rhein, kreisfreie Stadt;2012;69,31;42,3;6,14;55,23;9,95;3512,4;2065,49;1419,97;464,25;42,41;78;119;1525,64;2,13;716,26;93,69;12,2;43,9;west;3505,86
163;Mainz, kreisfreie Stadt;2012;14,56;40,99;8,8;43,79;24,59;2828,36;2074,44;628,29;454,49;10,52;98;151;1540,82;6,92;222,66;88,68;11;29,6;west;2687,28
164;Neustadt an der Weinstraße, kreisfreie Stadt;2012;14,68;45,21;6,14;58,96;12,69;2126,7;446,35;338,47;570,5;15,21;117;27;230,77;3,9;59,17;84,9;7,7;69,9;west;777,51
165;Pirmasens, kreisfreie Stadt;2012;29,18;46,52;4,14;58,48;5,11;2241,89;656,13;534,41;545,36;27,41;61;28;459,02;4,72;97,25;86,62;10,3;93;west;4462,59
166;Speyer, kreisfreie Stadt;2012;30,59;43,94;6,6;56,67;13,69;2470,16;1168,17;830,74;536,79;19,63;43;37;860,47;6,79;126,73;92,6;12,7;50,8;west;
167;Worms, kreisfreie Stadt;2012;44,38;42,95;5,9;55,71;9,35;2336,57;733,26;492,43;512,29;24,9;109;42;385,32;4,44;86,78;83,54;8,7;60,9;west;1681,43
168;Zweibrücken, kreisfreie Stadt;2012;39,3;44,49;4,88;60,98;7,84;2456,84;482,22;1219,15;579,88;28,98;71;23;323,94;1,18;274,53;71,61;8,1;61,6;west;3522,28
169;Alzey-Worms;2012;23,07;42,92;5,52;63,72;8,92;2194,92;212,83;248,06;606,56;22,62;588;46;78,23;6,88;11,37;74,41;5;86,2;west;501,93
170;Bad Dürkheim;2012;27,3;45,33;5,67;63,28;12,32;2039,54;220,11;257;621,09;21,23;595;46;77,31;8,83;8,76;44,83;3,9;93;west;374,19
171;Donnersbergkreis;2012;43,22;43,64;5,01;65,07;7,03;2284,02;116,98;326,55;600,28;35,03;645;30;46,51;11,81;3,94;38,55;2,4;111,8;west;1131,64
172;Germersheim;2012;58,52;42,51;6,14;64,76;7,92;2774,14;269,58;412,39;590,45;46,14;463;58;125,27;7,37;17;53,43;2,6;59,2;west;4636,63
173;Kaiserslautern;2012;27,46;43,8;5,27;62,35;7,05;1949,65;163,22;220,85;598,37;26,73;640;33;51,56;8,65;5,96;53,33;5,3;99;west;2761,42
174;Kusel;2012;21,96;45,24;4,86;68,59;5,09;1847,76;125,17;120,61;621,51;24,04;573;22;38,39;15,97;2,4;32,59;1;124,7;west;523,79
175;Südliche Weinstraße;2012;28,12;44,59;5,87;68,34;8,17;2142,11;169,97;232,45;625,53;25;640;43;67,19;10,9;6,16;53,85;6,4;100,8;west;239,51
176;Rhein-Pfalz-Kreis;2012;22,84;44,63;6,6;63,96;11,72;2030,2;485,58;197,78;612,47;23,69;305;43;140,98;5,36;26,3;87,64;1;68;west;3672,69
177;Mainz-Bingen;2012;47,07;43,16;6,28;60,86;14,47;2598;333,85;1008,03;608,46;27,49;606;73;120,46;8,41;14,32;81,83;1,8;71,2;west;642,68
178;Südwestpfalz;2012;30,74;45,88;4,81;67,45;5,72;1872,37;101,9;228,6;640,9;31,79;954;25;26,21;16,67;1,57;37,48;2,6;152,1;west;173,91
179;Stuttgart, Stadtkreis;2012;31,63;41,46;9,4;43,9;26,24;3607,86;2883,72;1074,54;464,27;18,54;207;490;2367,15;12,97;182,51;83,31;8,5;20,3;west;1242,77
180;Böblingen;2012;54,07;42,46;7,91;58,41;15,87;3434,01;594,36;803,7;606,56;37,75;618;221;357,61;6,55;54,6;69,9;3;38,9;west;1289,96
181;Esslingen;2012;41,25;42,75;7,92;58,33;15,23;2915,68;792,82;568,91;578,21;34,92;641;263;410,3;7,65;53,63;67,45;3,9;20,4;west;1814,87
182;Göppingen;2012;39,96;43,47;6,42;62;9,98;2612;385,82;487,11;587,74;37,92;642;115;179,13;15,96;11,22;84,95;5,4;25,5;west;1326,02
183;Ludwigsburg;2012;40,83;42,41;7,92;58;15,32;2994,87;752,38;592,02;566;32,93;687;248;360,99;8,49;42,52;75,07;3,4;23,1;west;1379,74
184;Rems-Murr-Kreis;2012;37,95;43,18;7,48;60,81;12,5;2621,54;476,41;521,34;570,93;34,03;858;192;223,78;27,54;8,13;67,48;3,2;21,5;west;742,15
185;Heilbronn, Stadtkreis;2012;26,89;42,43;6,82;54,13;10,85;2258,17;1176,72;820,28;510;18,04;100;103;1030;8,44;122,04;69,85;9,4;24,7;west;2753,73
186;Heilbronn;2012;56,52;42,2;6,65;64,57;9,73;3041,8;295,06;775,63;629,78;43,15;1100;159;144,55;10,02;14,43;58,1;4;51;west;3230,03
187;Hohenlohekreis;2012;45,38;42,13;5,94;64,93;7,14;2783,69;138,39;909,09;661,68;41,34;777;66;84,94;11,91;7,13;66,6;2,6;42,9;west;1259,01
188;Schwäbisch Hall;2012;41,88;42,03;5,55;64,16;7,96;2499,61;125,96;558,19;591,4;38,61;1484;104;70,08;14,87;4,71;61,89;3,7;39,8;west;589,46
189;Main-Tauber-Kreis;2012;38,56;44,02;5,33;67,39;7,23;2397,95;99,54;470,59;613,24;36,63;1304;74;56,75;14,08;4,03;54,04;8,9;52,2;west;224,25
190;Heidenheim;2012;45,69;43,74;5,83;63,98;10,67;2745,47;203,48;336,77;576,01;40,13;627;66;105,26;10,58;9,95;63,01;4,2;42,1;west;4111,79
191;Ostalbkreis;2012;51,12;42,5;5,92;66,07;10,39;2723,84;202,76;509,02;583,45;39,82;1512;160;105,82;16,56;6,39;60,04;3,3;37,9;west;1117,57
192;Baden-Baden, Stadtkreis;2012;21,68;47,03;6,98;57,47;13,29;2769,33;375,04;784,01;592,93;18,68;140;41;292,86;7,09;41,31;62,14;14,9;44,8;west;587,49
193;Karlsruhe, Stadtkreis;2012;22,16;41,82;8,09;47,2;23,55;2944,5;1706,64;926,22;445,88;15,72;173;226;1306,36;5,09;256,65;87,93;9,7;38,2;west;2489,82
194;Karlsruhe;2012;40,19;43,32;6,69;61,64;12,15;2622,11;393,67;491,37;579,23;32,45;1085;197;181,57;10,54;17,23;69,92;2,5;35,8;west;1282,49
195;Rastatt;2012;56,14;43,75;6,25;66,07;8,42;2922,39;301,15;562,3;603,29;44,2;739;112;151,56;11,68;12,98;58,46;2,5;32,4;west;1408,53
196;Heidelberg, Stadtkreis;2012;17,54;39,86;8,58;37,17;35,41;2834,91;1381,37;664,28;369,17;12,42;109;116;1064,22;5,98;177,96;85,98;20;17,5;west;478,89
197;Mannheim, Stadtkreis;2012;34,21;42,09;7,13;48,6;17,89;3138,5;2032,47;1362,76;471,79;25,44;145;230;1586,21;4,18;379,48;92,47;8,8;34,8;west;6464,84
198;Neckar-Odenwald-Kreis;2012;35,24;43,54;5,19;67,83;6,77;2330,54;125,95;311,15;586,51;35,24;1126;66;58,61;20,63;2,84;32,71;3,7;56,8;west;3118,56
199;Rhein-Neckar-Kreis;2012;25,77;43,43;6,95;58,7;15,42;2739,85;496,64;576,05;594,27;26,35;1062;222;209,04;9,79;21,35;76,18;2,8;32,6;west;732,49
200;Pforzheim, Stadtkreis;2012;36,39;42,88;5,99;57,06;9,13;2547,21;1188,01;902,63;465,41;26,4;98;74;755,1;4,49;168,17;86,85;10;22,5;west;1853,09
201;Calw;2012;34,9;43,1;5,78;66,04;8,32;2440,13;188,97;353,83;592,25;32,08;798;63;78,95;23,51;3,36;54,96;7,9;40,1;west;1638,64
202;Enzkreis;2012;47,59;43,26;6;67,17;9,96;2589,04;334,84;475,78;600,44;48,56;574;79;137,63;9,68;14,22;58,12;1,8;28,8;west;858,19
203;Freudenstadt;2012;44,41;42,78;5,73;65,67;7,22;2542,09;132,15;457,59;579,97;41,18;871;62;71,18;28,46;2,5;52,11;4,2;42;west;999
204;Freiburg im Breisgau, Stadtkreis;2012;17,85;39,73;9,72;45,9;26,44;2543,18;1424,56;676,45;392,54;10,81;153;163;1065,36;6,18;172,39;78,86;11;27,1;west;418,36
205;Breisgau-Hochschwarzwald;2012;33,07;43,23;7,02;63,73;10,79;2290,84;179,72;366,34;556,66;29,72;1378;111;80,55;19,1;4,22;38,59;4,5;36,8;west;1339,46
206;Emmendingen;2012;40,13;42,98;6,71;65,08;8,54;2331,69;231,51;370,66;553,01;34,44;680;70;102,94;12,89;7,99;34,95;6,2;36,1;west;52,87
207;Ortenaukreis;2012;38,34;42,97;5,82;66,14;7,34;2485,01;221,25;551,56;578,93;33,99;1861;231;124,13;16,41;7,56;59,23;5,4;27,2;west;2563,16
208;Rottweil;2012;50,87;43,04;5,65;63,47;7,35;2486,18;176,17;677,92;607,57;42,53;769;75;97,53;11,96;8,15;70,05;6;29,9;west;1275,76
209;Schwarzwald-Baar-Kreis;2012;42,11;43,77;5,83;62,88;8,27;2561,13;199,54;540,51;568,91;38,41;1025;113;110,24;17,65;6,25;65,93;6,1;49,3;west;1054,21
210;Tuttlingen;2012;59,94;42,16;5,51;62,88;6,66;2725,56;180,4;747,49;570,4;54,74;734;80;108,99;15,78;6,91;83,88;2,8;31,6;west;1952,81
211;Konstanz;2012;34,11;42,86;6,63;57,31;12,69;2418,84;330,78;446,83;521,41;24,7;818;136;166,26;9,81;16,95;67,07;5,9;43;west;619,56
212;Lörrach;2012;41,23;42,86;7,58;62,11;7,84;2521,9;273,44;519,42;550,74;30,67;807;104;128,87;14,03;9,19;56,96;3,7;37,8;west;685,13
213;Waldshut;2012;37,22;42,97;5,84;64,56;6,29;2293,12;144,72;414,34;573,82;32,71;1131;75;66,31;16,47;4,03;47,43;4,2;46;west;644,34
214;Reutlingen;2012;42,27;42,79;7,5;60,42;12,16;2603,76;251,38;515,39;580;34,86;1093;145;132,66;35,32;3,76;66,87;4,3;43;west;1916,93
215;Tübingen;2012;27,8;40,29;7,42;54,4;21,57;2466,64;413,9;394,41;512,18;24,08;519;104;200,39;16,29;12,3;68,23;8,8;32,9;west;2070,66
216;Zollernalbkreis;2012;44,16;43,82;5,66;63,78;7,2;2485,48;201,22;462,99;614,85;40,59;918;91;99,13;27,88;3,56;52,36;3,1;32,6;west;3302,98
217;Ulm, Stadtkreis;2012;29,11;41,31;8,29;49,85;21,56;2822,91;993,99;1164,05;504,31;20,32;119;121;1016,81;8,83;115,15;87,96;12,7;27,9;west;2415,15
218;Alb-Donau-Kreis;2012;44,88;41,83;6,09;63,61;9,9;2545,79;137,73;471,22;590,87;41,06;1359;76;55,92;17,97;3,11;51,65;2,2;47,8;west;2612,23
219;Biberach;2012;59,99;41,52;6;65,95;9,64;2853,03;133,18;839,35;589,05;45,57;1410;105;74,47;31,12;2,39;51,34;4,9;41,1;west;1046,26
220;Bodenseekreis;2012;51,9;43,48;7,6;58,86;15,67;3010,22;309,63;533,71;582,25;37,77;665;117;175,94;22,66;7,76;69,27;3,6;35,2;west;103,62
221;Ravensburg;2012;31,44;41,86;6,6;63,28;11,29;2379,86;166,94;449,21;565,47;30,68;1632;154;94,36;19,38;4,87;56,1;6,5;40;west;1252,72
222;Sigmaringen;2012;39,32;42,37;5,36;63,97;6,89;2458,24;105,68;470,24;586,4;34,63;1204;67;55,65;38,67;1,44;41,66;5,3;46,6;west;1918,67
223;Ingolstadt;2012;72,71;41,82;8,57;54,66;18,39;3468,82;958,88;1887,64;664,21;39,98;133;116;872,18;4,72;184,78;88,43;9,9;40,4;west;2130,21
224;München, Landeshauptstadt;2012;22,96;41,42;12,13;39,79;27,33;3444,5;4468,32;1245,32;477,65;14,07;311;992;3189,71;8,35;382;93,39;8,2;25,9;west;765,04
225;Rosenheim, Stadt;2012;20,54;42,47;7,74;55,55;13,16;2502,82;1610,29;711,17;522,38;16,23;37;46;1243,24;6,55;189,81;98,69;10,4;14;west;1676,82
226;Altötting;2012;61,51;43,66;5,46;66,88;8,44;2967,76;187,09;494,32;580,99;43,33;569;60;105,45;10,19;10,35;82,27;5,4;31,1;west;4737,33
227;Berchtesgadener Land;2012;22,92;44,32;7,03;65,69;6,71;2278,42;121,29;380,73;564,64;20,99;840;52;61,9;15,51;3,99;89,52;5,6;31,8;west;1203,95
228;Bad Tölz-Wolfratshausen;2012;30,56;43,27;8,75;60,16;12,24;2358,14;108,64;304,39;586,27;27,7;1111;55;49,5;16,73;2,96;55,97;5,2;44,6;west;658,74
229;Dachau;2012;28,22;41,65;8,8;57,84;12,41;2389,86;245,21;370,39;541,46;24,06;579;54;93,26;10,16;9,18;64,98;3,4;47,9;west;1541,75
230;Ebersberg;2012;24,38;41,76;9,3;56,8;17,67;2612,6;238,47;420,67;543,43;21,25;549;51;92,9;12,55;7,4;47,67;2,5;49,6;west;1790,74
231;Eichstätt;2012;29,44;40,99;6,67;66,82;11,76;2382,56;102,99;346,04;565,24;33,27;1214;51;42,01;14,66;2,87;40,54;3,5;39,5;west;3764,65
232;Erding;2012;19,92;40,71;8,42;64,62;9,82;2452,19;147,34;506,01;582,02;19,72;871;56;64,29;8,86;7,26;47,27;3,2;44,2;west;4659,51
233;Freising;2012;21,43;40,16;9,13;56,21;14,25;3164,8;207,9;624,1;562,18;17,39;800;103;128,75;7,48;17,21;60,03;2,1;34,8;west;1692,92
234;Fürstenfeldbruck;2012;22,95;43,24;9,39;56,81;16,35;2582,91;471,94;373,6;529,43;21,34;435;72;165,52;9,46;17,5;77,14;1,8;33,9;west;843,71
235;Garmisch-Partenkirchen;2012;13,31;45,34;7,67;62,67;8,88;2238,07;83,68;356,62;550,09;14,24;1012;42;41,5;16,07;2,58;69,34;14,9;45;west;293,08
236;Landsberg am Lech;2012;28,84;42,05;7,53;62,6;13,55;2525,73;142;438,43;598,74;25,01;804;53;65,92;10,57;6,24;33,34;4,1;37,4;west;2146,24
237;Miesbach;2012;26,51;43,99;8,54;59,99;13,01;2425,32;109,39;426,71;605,86;23,3;866;48;55,43;15,17;3,65;64,91;4,8;44,2;west;385,84
238;Mühldorf a.Inn;2012;40,77;42,82;5,54;66,95;7,24;2341,98;133,31;534,07;585,67;34,28;805;53;65,84;9,76;6,75;53,55;3,4;26,1;west;698,1
239;München;2012;17,4;42,5;10,58;49,52;23,04;3634,04;490,39;1979,79;680,14;18,24;664;254;382,53;4,17;91,73;76,27;3,8;40,4;west;3167,1
240;Neuburg-Schrobenhausen;2012;40,5;41,94;6,14;68,03;7,1;2388,72;124,06;391,84;596,7;34,85;740;44;59,46;25,32;2,35;43,05;4,9;43,2;west;3169,38
241;Pfaffenhofen a.d.Ilm;2012;43,49;41,67;6,58;65,57;10,1;3058,54;155,57;322,81;589,42;31,98;761;52;68,33;9,26;7,38;49,62;2,8;38,5;west;2847,73
242;Rosenheim;2012;32,11;42,84;7,4;64,21;10,88;2410,67;171,67;356,13;588,53;28,18;1440;112;77,78;12;6,48;61,25;10,7;34,1;west;915,35
243;Starnberg;2012;27,03;43,92;9,86;50,67;22,57;2818,31;265,58;802,56;608,31;22,13;488;64;131,15;7,4;17,72;56,82;10;48,6;west;127,72
244;Traunstein;2012;43,91;43,94;6,28;66,99;8,57;2505,96;110,47;541,28;594,75;33,38;1534;88;57,37;17,51;3,28;88,09;4,9;51,1;west;997,29
245;Weilheim-Schongau;2012;45,82;43,13;7,55;65,22;10,33;2615,83;134,08;775,33;587,31;35,19;966;65;67,29;21,44;3,14;55,66;3,8;45,4;west;19829,73
246;Landshut, Stadt;2012;29,91;43,65;7,21;55,42;14,19;2368,51;992,13;547,26;489,57;14,49;66;54;818,18;5,94;137,74;91,72;18,2;24,6;west;875,82
247;Passau, Stadt;2012;25,93;43,61;5,91;57,89;15,24;2490,38;704,87;616,75;513,87;20,51;70;50;714,29;6,58;108,55;89,45;15,2;21,9;west;941,49
248;Straubing;2012;27,04;44,23;5,64;62,62;8,34;2357,78;667,14;610,61;536,62;20,08;68;38;558,82;9,98;55,99;90,01;9,7;36,1;west;1932,61
249;Deggendorf;2012;39,38;42,95;6,17;67,96;6,68;2426,75;133,21;389,43;596,15;35,91;861;67;77,82;8,07;9,64;42,75;9,7;31,8;west;7601,25
250;Freyung-Grafenau;2012;32,32;43,72;4,21;68,88;4,28;1973,91;79,07;261,07;590,69;32,72;984;34;34,55;37,84;0,91;18,79;5,2;66,6;west;2421,45
251;Kelheim;2012;41,65;41,82;5,81;68;7,06;2355,13;106,9;427,21;596,84;36,36;1066;52;48,78;9,97;4,89;44,01;3,6;36;west;1315,54
252;Landshut;2012;48,79;41,86;5,79;67,13;7,44;2523,95;110,44;335,47;615,79;37,54;1348;62;45,99;12,82;3,59;46,76;1,3;34,1;west;1329,89
253;Passau;2012;39,48;43,62;5,27;67,75;5,39;2144,7;120,83;290,58;598,32;35,62;1530;83;54,25;15,74;3,45;25,67;3,1;64,2;west;2135,27
254;Regen;2012;36,69;44,13;4,25;70,37;4,76;2138,93;78,29;426,3;581,63;34,12;975;37;37,95;35,12;1,08;28,35;4,1;58,4;west;2495,51
255;Rottal-Inn;2012;34,82;43,35;5,01;67,69;4,9;2218,13;91,65;320,99;616,88;35,25;1281;58;45,28;19,96;2,27;35,13;4,7;41,6;west;431,2
256;Straubing-Bogen;2012;37,49;42,35;4,9;70,28;5,82;2178,83;80,43;378,47;611,02;36,72;1202;36;29,95;13,39;2,24;8,11;4,3;50,4;west;888,52
257;Dingolfing-Landau;2012;69,04;42,41;5,12;66,83;5,12;3043,91;103,97;1623,23;620,65;52,74;878;63;71,75;9,34;7,68;33,9;2,7;41,3;west;515,62
258;Amberg;2012;39,71;44,73;5,24;61,59;8,77;2638,06;829,4;544,54;552,07;31,45;50;34;680;8,47;80,28;89,73;13,5;28,6;west;1034,37
259;Regensburg, Stadt;2012;47,51;41,34;8,36;47,33;23,63;2993,09;1714,13;1828,61;541;24,67;81;142;1753,09;2,71;646,9;94,49;19,6;39;west;1125,3
260;Weiden i.d.OPf.;2012;19,3;44,62;5,59;60,46;8,6;2111,94;590,76;376;575,98;20,24;71;39;549,3;5,54;99,15;95,07;17,3;44;west;1672,94
261;Amberg-Sulzbach;2012;38,6;43,37;5,14;69,79;5,76;2346,13;82,3;257,31;607,23;37,02;1256;38;30,25;12,16;2,49;52,64;2;50,1;west;2729,12
262;Cham;2012;41,14;43,31;4,38;69,89;4,88;2197,26;83,07;385,05;619,27;39,52;1512;70;46,3;37,86;1,22;12,44;6,2;49,6;west;938,58
263;Neumarkt i.d.OPf.;2012;40,01;42,12;6,07;68,83;6,76;2331,85;94,59;412,71;594,32;38,47;1344;62;46,13;9,59;4,81;31,91;4,1;55,1;west;2973,27
264;Neustadt a.d.Waldnaab;2012;45,66;43,01;5,07;65,87;5,01;2296,77;67,14;305,02;611,43;43,75;1428;37;25,91;10,62;2,44;56,87;1,9;54;west;1281,66
265;Regensburg;2012;35,89;42,28;6,36;66,54;9,98;2463,02;132,44;221,1;600,29;34,08;1392;62;44,54;7,92;5,62;58,55;1,2;43,2;west;2298,15
266;Schwandorf;2012;40,95;43,23;4,92;69,14;5,31;2292,41;97,05;363,74;614,18;36,24;1473;73;49,56;11,45;4,33;26,41;4,4;38,5;west;7458,3
267;Tirschenreuth;2012;46,2;44,37;4,07;71,53;4,93;2326,53;68,18;314,98;605,48;41,53;1084;33;30,44;14,5;2,1;57,08;4,2;52;west;3909,58
268;Bamberg, Stadt;2012;33,83;42,88;7,67;54,03;18,75;2518,71;1297,38;495,08;508,01;27,02;55;68;1236,36;6,57;188,18;95,46;14,5;56;west;2358,35
269;Bayreuth, Stadt;2012;26,54;43,11;6,6;56,75;15,61;2460,71;1068,49;682,66;499,57;16,99;67;66;985,07;4,12;239,1;92,65;19,2;62,1;west;358,3
270;Coburg, Stadt;2012;30,02;44,74;5,89;60,34;14,49;2953,31;849,49;1943,93;557,26;26;48;41;854,17;6,08;140,49;79,21;12,4;55,5;west;4583,27
271;Hof, Stadt;2012;16,7;45,5;4,04;62,02;9,7;2272,49;766,3;359,57;513,82;17,02;58;35;603,45;6,68;90,34;97,63;9,5;56,2;west;66,4
272;Bamberg;2012;38,27;42,09;5,95;70,86;6,79;2280,05;123,1;349,13;619,05;36,12;1168;51;43,66;7,49;5,83;34,69;1,7;55,9;west;672,94
273;Bayreuth;2012;31,1;43,92;5,22;71,36;6,06;2318,54;82,35;223,58;616,66;33,35;1274;35;27,47;10,29;2,67;39,65;1,2;67,3;west;913,48
274;Coburg;2012;48,08;44,73;5,09;72,3;6,52;2194,68;147,35;442,58;604,74;47,63;590;36;61,02;9,44;6,46;56,27;1,1;59;west;898,66
275;Forchheim;2012;34,99;42,79;6,32;64,96;11,1;2466,06;176,31;219,8;614,9;31,45;643;40;62,21;12,17;5,11;42,42;2,7;50,3;west;299,94
276;Hof;2012;44,79;46,26;4,44;72,12;6,28;2339,53;109,66;326,1;601,68;43,23;893;47;52,63;6,66;7,9;50,48;5,5;71;west;2385,25
277;Kronach;2012;41,3;45,5;4,9;69,27;5,18;2400,08;106,05;364,37;609,7;46,68;652;36;55,21;28,03;1,97;44,93;4,1;49,4;west;5660,77
278;Kulmbach;2012;41,77;45,21;4,47;72,08;6,37;2347,04;111,21;411,59;621,48;35,27;658;37;56,23;9,36;6,01;60,02;6,8;46,3;west;1312,73
279;Lichtenfels;2012;33,75;44,32;4,54;70,98;5,2;2282,78;129,06;333,96;596,6;32,02;520;38;73,08;7,63;9,58;52,51;11,1;51,2;west;2234,63
280;Wunsiedel i.Fichtelgebirge;2012;38,87;46,93;3,95;67,77;5,92;2351,48;123,02;257,11;589,83;37,71;606;38;62,71;8,79;7,13;60,11;5,6;49,3;west;2115,87
281;Ansbach, Stadt;2012;28,41;43,93;5,66;59,29;10,27;2544,37;397,12;482,94;556,57;19,59;100;35;350;8,78;39,86;80,94;21,9;35,4;west;2470,72
282;Erlangen;2012;46,89;41,22;8,28;43,26;30,39;3712,22;1369,52;721,82;480,95;33,57;77;110;1428,57;1,92;744,05;79,29;20;22,5;west;436,83
283;Fürth, Stadt;2012;28,73;42,34;7,13;54,1;13,84;2761,19;1868,32;449,18;466,5;24,26;63;56;888,89;5,39;164,91;63,81;7,1;27,8;west;1705,65
284;Nürnberg;2012;23,91;43,04;7,31;49,71;16,44;2944,64;2655,8;802,26;454,4;18,24;186;369;1983,87;6;330,65;86,04;7;30;west;2841,38
285;Schwabach;2012;36,59;43,69;6,05;60,8;11,73;2379,11;959,01;491,4;582,44;31,73;41;21;512,2;3,44;148,89;63,42;4,3;22,9;west;1183,53
286;Ansbach;2012;43,52;42,64;5,2;68,19;5,98;2246,38;90,42;467,69;609,85;40,6;1972;80;40,57;10,81;3,75;51,23;3,2;60,2;west;2837,95
287;Erlangen-Höchstadt;2012;38,19;42,79;6,81;60,26;17,27;2680,84;232,41;374,37;620,96;38,19;565;58;102,65;6,67;15,39;48,87;0,7;40,5;west;34,64
288;Fürth;2012;29,66;44,17;6,59;64,41;11,35;2220,2;370,66;291,59;600,8;34,84;307;35;114,01;14,29;7,98;46,37;1;35,2;west;567,16
289;Nürnberger Land;2012;38,41;44,31;6,22;65,04;11,13;2430,86;205,83;429,56;592,6;34,51;800;72;90;7,27;12,38;51,41;6;45,9;west;2332,76
290;Neustadt a.d.Aisch-Bad Windsheim;2012;30,99;43,19;5,01;65,98;6,38;2155,51;76,84;316,39;600,8;31,49;1268;44;34,7;15,39;2,25;42,56;4,6;59,2;west;3827,83
291;Roth;2012;30,99;43,1;6,05;67,77;8,39;2326,06;137,55;364,6;619,83;33,22;895;53;59,22;9,07;6,53;43,1;2,2;46;west;3748,81
292;Weißenburg-Gunzenhausen;2012;39,42;43,64;4,75;69,2;6,05;2231,25;94,95;300,04;590,69;34,63;971;43;44,28;31,06;1,43;57,16;4,6;73,3;west;6495,62
293;Aschaffenburg, Stadt;2012;29,04;43,3;6,81;55,12;13,16;2573,22;1083,24;730,1;593,06;22,67;62;62;1000;4,87;205,34;92,5;11,8;66,3;west;4593,73
294;Schweinfurt, Stadt;2012;62,28;44,78;5,36;55,16;9,44;3036,8;1458,92;1158,41;500,63;43,1;36;64;1777,78;5,05;352,04;70,47;17,4;53,5;west;5570,5
295;Würzburg, Stadt;2012;15,03;42,21;7,31;51,16;21,7;2513,67;1421,63;541,24;472,37;11,38;88;115;1306,82;8,21;159,17;87,34;18,8;51,1;west;4235,93
296;Aschaffenburg;2012;33,41;43,53;6,15;64,57;9,53;2514,21;246,84;378,68;616,04;36,95;699;72;103;8,36;12,32;35,39;0,9;47,8;west;1365,93
297;Bad Kissingen;2012;23,87;45,07;3,98;69,49;6,33;2191,04;90,7;263,18;613,83;24,42;1137;53;46,61;8,39;5,56;59,34;8,8;66,2;west;2053,23
298;Rhön-Grabfeld;2012;38,47;43,69;4,77;70,78;6,64;2352,72;78,51;297,43;609,9;37,61;1022;42;41,1;13,5;3,04;35,46;13,5;74,9;west;1405,8
299;Haßberge;2012;44,84;43,1;4,98;71,41;5,09;2205,88;88,08;298,14;621,76;43,55;956;39;40,79;13,57;3,01;45,82;2,8;78,2;west;3917,72
300;Kitzingen;2012;29,82;43,18;4,74;66,85;6,98;2248,82;128,47;392,5;611,62;28,93;684;45;65,79;7;9,4;42,32;2,8;82,9;west;913,96
301;Miltenberg;2012;42,32;43,1;5,16;65,59;6,64;2353,61;178,73;392,01;593,26;41,37;716;58;81,01;26,03;3,11;56,66;2,3;63,6;west;669,88
302;Main-Spessart;2012;53,46;44,24;5;69,01;7,21;2689,76;95,73;343,8;614,71;45;1321;61;46,18;19,31;2,39;32,16;5,2;61,4;west;4849,77
303;Schweinfurt;2012;33,41;43,75;5,02;67,37;7,04;2134,19;134,1;133,77;613,6;25,34;842;36;42,76;8,03;5,32;58,25;5,4;71,1;west;2160,1
304;Würzburg;2012;22,82;43,18;6,59;68,44;10,37;2294,47;163,18;303,54;603,63;25,71;968;58;59,92;9,55;6,27;40,32;0,8;48,6;west;622,44
305;Augsburg, Stadt;2012;31,36;42,58;6,99;52,71;14,8;2804,14;1856,23;573,2;439,32;21,56;147;184;1251,7;10,36;120,82;82,94;10,8;30,5;west;1756,57
306;Kaufbeuren;2012;21,6;44,37;5,6;62,54;8,08;2252,77;1038,21;285,06;510,9;19,41;40;25;625;21,45;29,14;96,59;15,3;15,5;west;357,13
307;Kempten (Allgäu);2012;18,13;43,77;5,83;61,4;10,13;2488,13;1021,09;573,94;529,47;16,85;63;52;825,4;3,79;217,78;96,1;8,9;36,1;west;2915,45
308;Memmingen;2012;42,21;43,52;5,88;61,74;8,22;2465,77;592,32;725,35;552,12;33,17;70;37;528,57;4,03;131,16;88,02;13,1;24;west;3430,07
309;Aichach-Friedberg;2012;32,09;42,23;6,5;65,61;9,9;2124,64;163,07;377,16;588,2;38,1;780;54;69,23;14,19;4,88;49,02;2,4;31,2;west;3140,87
310;Augsburg;2012;37,48;42,78;6,7;65,48;9,5;2426,76;223,14;358,22;594;30,89;1071;97;90,57;13,82;6,55;56,3;1,6;39,4;west;2516,91
311;Dillingen a.d.Donau;2012;38,18;42,34;5,35;67,04;5,56;2384,01;117,55;398,84;608,18;36,19;792;44;55,56;23,77;2,34;39,15;3,4;44,5;west;1520,63
312;Günzburg;2012;47,6;42,15;5,51;65,76;6,61;2461,73;157,57;442,19;598,69;35,59;762;65;85,3;10,73;7,95;40,75;8,7;44,7;west;3177,22
313;Neu-Ulm;2012;42,87;42,46;6,63;62,61;10,48;2655,93;320,35;498,75;572,9;38,08;516;81;156,98;6,7;23,43;71,46;2,4;37,5;west;2830,85
314;Lindau (Bodensee);2012;42,14;43,82;7,54;63,6;10,71;2550,53;243,14;396,52;578,71;37,97;323;41;126,93;15,12;8,4;49,93;6,8;45,1;west;921,15
315;Ostallgäu;2012;44,41;42,8;6,16;70,33;7,41;2534,27;96,15;425,66;580,16;37,66;1395;64;45,88;12,59;3,64;53,66;4,4;43;west;2519,68
316;Unterallgäu;2012;48,9;42,8;5,81;69,92;6,4;2527,57;110,88;390,52;603,51;42,2;1230;65;52,85;8,2;6,44;40,72;3;46,1;west;2676,5
317;Donau-Ries;2012;53,17;42,31;5,63;69,2;6,69;2491,37;101,15;621,05;616,17;38,62;1275;81;63,53;35,25;1,8;47,61;4;57,5;west;3903,74
318;Oberallgäu;2012;34,84;43,83;5,83;69,23;8,14;2335,53;97,81;321,06;589,94;30,74;1528;69;45,16;17,09;2,64;65,03;3,6;45,5;west;1792,92
319;Regionalverband Saarbrücken;2012;28,02;44,8;5,66;58,5;13,14;2524,55;795,44;452,18;552,56;21,1;411;212;515,82;2,35;219,5;72,01;8,1;25,8;west;2425,88
320;Merzig-Wadern;2012;25,49;44,54;5,51;66,62;7,24;2177,76;186,47;227,7;621,63;27,81;555;44;79,28;7,64;10,38;36,53;4,8;47,4;west;3589,93
321;Neunkirchen;2012;37,24;45,94;5,11;64,95;7,85;2171,31;538,03;251,48;601,59;26,67;249;55;220,88;5,18;42,64;73,3;5,4;25;west;6451,46
322;Saarlouis;2012;45,92;45,37;5,55;65,51;8,17;2363,35;428,3;358,59;619,76;35,41;459;96;209,15;5,85;35,75;63,62;4,9;29,9;west;3939,7
323;Saarpfalz-Kreis;2012;44,57;45,93;5,66;63,36;11,57;2575,86;344,87;503,36;629,69;36,01;418;83;198,56;6,96;28,53;87,15;9,7;31,5;west;7763,55
324;St. Wendel;2012;39,98;45,7;5,23;68,67;8,41;2078,2;187,16;316,01;631,6;32,43;476;36;75,63;6,85;11,04;40,27;2,7;71;west;1106,39
325;Berlin, Stadt;2012;16,52;42,41;6,95;46,2;20,02;2538,6;3785,15;384,32;336,48;12,67;892;1745;1956,28;7,12;274,76;89,33;6;33,2;east;813,41
326;Brandenburg an der Havel, Stadt;2012;26,35;47,19;5,45;67,57;9,75;2186,7;310,91;259,02;457,73;21,63;229;38;165,94;12,75;13,01;63,36;13,3;105,4;east;6599,7
327;Cottbus, Stadt;2012;12,17;45,46;5,37;63,04;15,72;2164,57;608,15;301,88;474,07;10,23;164;62;378,05;10,13;37,32;86,07;12,5;87,5;east;458,14
328;Frankfurt (Oder), Stadt;2012;16,61;46,05;5,51;63,03;12,61;2166,14;396,48;132,84;480,17;12,85;148;41;277,03;5,96;46,48;76,78;16,4;132;east;750,77
329;Potsdam, Stadt;2012;8,39;42,2;7,51;53,95;21,66;2318,59;849,71;394,75;412,01;6,73;188;111;590,43;8,84;66,79;82,37;9,5;58;east;193,81
330;Barnim;2012;19,88;45,67;5,98;65,32;11;1996,58;117,69;164,94;541,06;21,04;1472;65;44,16;12,39;3,56;29,13;6,5;59,9;east;2315,17
331;Dahme-Spreewald;2012;17,55;45,98;6,54;65;11,11;2185,26;70,88;447,83;568,93;21,95;2262;72;31,83;15,07;2,11;30,04;6,1;95,2;east;2672,08
332;Elbe-Elster;2012;29,64;47,81;4,64;73,91;7,99;1939,91;56,98;187,01;588,52;30,1;1889;45;23,82;34,81;0,68;14,26;4,3;128,3;east;3799,38
333;Havelland;2012;29,55;44,86;5,52;65,94;9,62;1765,71;89,27;220,35;537,46;25,95;1717;60;34,94;26,9;1,3;49,59;3,1;74,1;east;3667,76
334;Märkisch-Oderland;2012;23,05;46,13;5,57;65,72;10,31;1995,55;86,92;216,38;562,26;22,48;2150;66;30,7;30,13;1,02;19,34;3,6;197,4;east;3572,69
335;Oberhavel;2012;29,76;45,06;6;64,13;10,57;2161,4;112,42;303,3;536,96;28,25;1798;74;41,16;24,83;1,66;42,25;5;60,1;east;1118,81
336;Oberspreewald-Lausitz;2012;32,96;48,04;4,88;69,51;9,76;2075,39;94,68;273,92;571,62;28,65;1217;50;41,08;8,05;5,1;55,05;4,5;133;east;3896,43
337;Oder-Spree;2012;31,81;47;5,68;68,29;10,46;2084,52;78,92;159,99;570,62;27,66;2243;71;31,65;16,33;1,94;38,84;7,5;159,7;east;6091,52
338;Ostprignitz-Ruppin;2012;27,55;46,66;4,96;69,16;7,71;1969,28;39,5;205,57;562,06;25,07;2509;46;18,33;16,22;1,13;34,91;11,8;114,2;east;2359,75
339;Potsdam-Mittelmark;2012;22,45;44,84;6,26;63,43;14,25;2174,56;79,35;227,82;563,37;23,45;2576;78;30,28;10,83;2,8;32,12;3,2;75,3;east;1519,7
340;Prignitz;2012;30,96;48,23;4,6;72,7;6,43;1946,37;37,11;203,19;563,32;27,59;2124;35;16,48;18,27;0,9;31,62;4,5;91,5;east;1900,87
341;Spree-Neiße;2012;64,36;47,86;4,59;68,77;9,57;2057,49;72,91;320,57;595,68;38,61;1648;47;28,52;18,99;1,5;39,66;4,5;93,7;east;7527,72
342;Teltow-Fläming;2012;40,02;45,07;5,34;67,16;8,61;2274;76,32;527,64;572,75;31,49;2092;71;33,94;23,21;1,46;29,96;3;142,6;east;6720,63
343;Uckermark;2012;34,67;47,45;5,06;69,4;8,1;2029,03;40,04;177,38;551,44;25,74;3059;52;17;19,45;0,87;37,6;6,6;174,7;east;8236,02
344;Rostock;2012;18,87;44,11;5,72;59,1;17,99;2264,27;1119,25;323,58;387,91;12,86;181;109;602,21;8,16;73,8;89,5;7,4;88,1;east;3363,54
345;Schwerin;2012;15,71;45,87;5,8;62,64;14,72;2257,42;699,18;264,45;449,64;12,55;131;63;480,92;13,48;35,68;87,81;16,4;95,9;east;636,58
346;Mecklenburgische Seenplatte;2012;21,94;46,36;5,17;68,4;10,37;2008,99;48,31;225,59;532,18;20,53;5470;125;22,85;22,99;0,99;50,12;6,2;245,3;east;2877,38
347;Landkreis Rostock;2012;22,26;45,66;5,46;67,09;11,35;1874,67;61,59;223,22;554,2;21,55;3421;87;25,43;12,76;1,99;24,82;3,8;287;east;1683,61
348;Vorpommern-Rügen;2012;14,81;46,71;6,06;65,79;8,75;1953,94;69,76;218,55;518,01;15,72;3207;99;30,87;30,18;1,02;54,04;5,2;244,9;east;1073,06
349;Nordwestmecklenburg;2012;34,33;44,95;5,46;66,94;9,47;2025,51;73,55;177,75;535,68;29,89;2118;58;27,38;11,84;2,31;35,76;3,8;282,7;east;7388,42
350;Vorpommern-Greifswald;2012;17,05;45,72;5,78;65,6;11,43;1907,39;60,89;195,8;506,22;15,93;3930;104;26,46;23,49;1,13;52,27;9,4;202,2;east;335,14
351;Ludwigslust-Parchim;2012;30,56;45,74;5,02;67,76;7,95;1915,42;44,7;228,22;574,15;32,15;4752;85;17,89;16,35;1,09;26,91;4,5;303;east;2116,58
352;Chemnitz, Stadt;2012;24,81;46,69;4,92;64,56;18,51;2191,32;1092,14;421,86;497,23;20,08;221;146;660,63;7,38;89,52;72,52;9,9;80,9;east;781,93
353;Erzgebirgskreis;2012;38,43;47,38;4,67;74,95;9,83;1842,82;194,31;218,16;571,38;39,78;1828;153;83,7;27,65;3,03;37,85;5,8;53,7;east;398,39
354;Mittelsachsen;2012;36,03;47,17;4,78;71,87;11,68;2008,39;150,09;285,45;568,18;36,01;2113;144;68,15;15,58;4,37;28,33;4,9;53,6;east;1971,96
355;Vogtlandkreis;2012;34,18;48,12;4,19;71,75;10,84;1960,25;167,31;273,74;572,75;34,04;1412;106;75,07;13,3;5,64;36,24;7,2;57,6;east;1049,08
356;Zwickau;2012;39,01;47,76;4,75;71,92;11,59;2120,21;347,93;430,38;554,12;33,2;949;160;168,6;8,38;20,12;38,07;6,4;44,9;east;695,97
357;Dresden, Stadt;2012;20,05;42,58;6,08;55,86;26,2;2389,29;1599,42;386,42;400,62;17,11;328;312;951,22;8,68;109,59;78,8;6,8;30,6;east;864,61
358;Bautzen;2012;33,61;46,86;5,02;70,77;11,99;1974,1;130,04;268,41;576,13;32,87;2391;143;59,81;15,9;3,76;32,42;5,7;65,4;east;2876,92
359;Görlitz;2012;38,52;47,95;4,39;71,14;11,38;1927,17;125,66;274,68;542,95;30,4;2106;113;53,66;22,38;2,4;35,79;7,3;132,9;east;1879,65
360;Meißen;2012;37,71;46,88;5,15;69,09;13,52;2114,96;168,49;321,82;541,49;33,57;1452;111;76,45;14,64;5,22;36,1;4,9;64,3;east;1073,64
361;Sächsische Schweiz-Osterzgebirge;2012;33,28;46,71;5,08;70,66;12,68;1943,23;148,71;267,56;553,28;32,53;1654;99;59,85;16,3;3,67;33,94;5,1;48,9;east;555,1
362;Leipzig, Stadt;2012;18,51;43,19;5,04;56,31;22,7;2249,4;1751,36;378,5;384,1;13,96;297;311;1047,14;11,49;91,13;82,33;7,9;57,6;east;441,34
363;Leipzig;2012;39,16;46,77;4,98;69,65;12,43;1980,19;157,37;265,49;565,39;31,75;1647;99;60,11;10,01;6;29,7;4,3;133,4;east;6239,16
364;Nordsachsen;2012;29,47;46,61;5;71,13;10,09;2005,67;98,32;247,96;561,48;29,57;2020;93;46,04;26,31;1,75;26,32;7,2;76,2;east;1184,14
365;Dessau-Roßlau, Stadt;2012;27,37;48,76;5,24;68,67;12,9;2143,97;345,7;260,4;498;22,64;245;45;183,67;6,18;29,72;66,29;11,2;199;east;1013,91
366;Halle (Saale), Stadt;2012;14,17;44,4;5,33;60,72;18,74;2160,23;1714,24;196,94;387,09;10,81;135;125;925,93;6,36;145,59;68,68;13,1;79,1;east;518,87
367;Magdeburg, Landeshauptstadt;2012;17,49;44,88;5,15;60,4;17,87;2177,12;1143,9;374,88;448,23;14,31;201;137;681,59;9,25;73,69;63,13;10,1;99,7;east;5675,17
368;Altmarkkreis Salzwedel;2012;33,23;45,78;4,54;72,34;7,65;1898,6;37,89;289,56;578,8;29,59;2293;38;16,57;44,4;0,37;29,53;5;384;east;3139,83
369;Anhalt-Bitterfeld;2012;38,1;47,62;4,95;70,2;9,05;2048,83;115,92;313,97;554,19;34,53;1453;73;50,24;18,54;2,71;32,22;5,3;300,4;east;2799,85
370;Börde;2012;44,67;45,67;4,64;71,05;8,45;2125,06;73,52;521,27;593,87;35,17;2367;72;30,42;13,13;2,32;12,91;3,8;253,5;east;2855,54
371;Burgenlandkreis;2012;36,5;47,99;4,8;72,79;8,48;2008,48;131,63;296,59;544,7;28,73;1414;73;51,63;15,61;3,31;33,7;5,8;252,7;east;6601,19
372;Harz;2012;32,84;47,57;4,82;71,3;8,9;1974,5;106,01;224,66;539,68;29,66;2104;93;44,2;11,21;3,94;37,6;7,5;198;east;2272,54
373;Jerichower Land;2012;33,6;46,9;4,87;69,44;9,16;1995,04;58,58;221,94;580;31,72;1577;39;24,73;18,81;1,31;16,05;8;319,3;east;3720,4
374;Mansfeld-Südharz;2012;32,74;48,38;4,76;73,35;8,16;1898,74;99,9;163,55;560,38;30,05;1449;54;37,27;9,61;3,88;23,08;5,4;289,8;east;1932,76
375;Saalekreis;2012;48,55;46,5;4,91;70,36;10,83;2181,84;132;366,36;588,01;33,95;1433;85;59,32;7,34;8,08;22,98;3,4;242,5;east;9332,41
376;Salzlandkreis;2012;40,05;47,63;4,64;71,5;8,48;1939,83;141,06;248,54;520,04;31,43;1426;83;58,2;9,59;6,07;36,72;6,9;226,2;east;7887,88
377;Stendal;2012;28,4;46,29;4,82;70,97;9,51;1897,28;48,15;176,56;539,79;25,28;2423;48;19,81;41,5;0,48;47,3;8,8;353,3;east;762,6
378;Wittenberg;2012;42,45;48,03;4,54;73,82;8,56;1953,16;67,72;358,37;572,54;33,33;1930;53;27,46;29,15;0,94;29,89;5;343,1;east;843,37
379;Erfurt, Stadt;2012;16,64;43,73;6,01;61,72;18,04;2202,23;756,03;339,97;439,02;13,58;269;140;520,45;10,51;49,52;67,08;8,1;38,1;east;1748,46
380;Gera, Stadt;2012;16,93;47,93;4,75;70,15;11,49;2010,51;627,86;246,97;469,54;16,44;152;52;342,11;7,95;43,03;77,47;10;57,6;east;900,66
381;Jena, Stadt;2012;27,63;41,77;8,09;52,23;33,34;2366;933,92;519,81;395,19;19,98;114;67;587,72;6,97;84,32;69,26;13,4;27,7;east;272,05
382;Suhl, Stadt;2012;16,98;49,29;5,21;69,21;13,29;2036;263,41;346,67;553,68;18,64;145;22;151,72;4,96;30,59;83,13;17,2;49,3;east;267,04
383;Weimar, Stadt;2012;17,19;43,3;6,75;58,34;23,39;2117;751,11;216,68;432,38;13,87;84;35;416,67;8,23;50,63;72,32;8,7;37,8;east;47,14
384;Eichsfeld;2012;41,12;44,23;4,76;75,93;6,95;1875,82;107,76;246,48;576,36;39,57;940;46;48,94;11,63;4,21;19,68;4,4;55;east;1908,66
385;Nordhausen;2012;34,13;46,36;4,89;70,18;9,54;1990,25;120,84;257,68;542,46;29,98;711;39;54,85;8,18;6,71;22,04;11,8;67,7;east;3987,5
386;Wartburgkreis;2012;44,27;46,14;5,03;73;8,4;2175,53;120,59;317,23;565,03;38,01;1370;82;59,85;16,15;3,71;15,17;5,4;55,2;east;2822,02
387;Unstrut-Hainich-Kreis;2012;30,05;45,72;4,87;74,48;7,83;1942,75;107,58;235,94;522,67;29,54;976;46;47,13;26,69;1,77;37,12;11,1;51,3;east;2573,09
388;Kyffhäuserkreis;2012;29,39;47,16;4,96;71,96;7,21;2085,34;75,95;152,27;565,65;29,08;1035;30;28,99;17,18;1,69;14,96;6,5;91,8;east;1085,34
389;Schmalkalden-Meiningen;2012;41,26;46,68;5;73,41;9,66;1946,87;104,08;269,39;587,06;38,14;1249;59;47,24;17,31;2,73;36,99;7;54,8;east;3219,74
390;Gotha;2012;38,48;46,06;4,88;72,71;9,06;2057,08;144,69;226,66;538,33;34,45;936;63;67,31;9,43;7,14;42,76;4;62,5;east;566,64
391;Sömmerda;2012;41,98;45,68;5,17;72,51;7,97;1919,59;88,3;270,32;553,61;36,57;804;28;34,83;10,93;3,19;21,54;1;78;east;344,72
392;Hildburghausen;2012;40,11;46;4,82;78,21;7,38;1909,2;69,93;199,15;605,86;40,63;937;26;27,75;13,48;2,06;28,6;8,5;73,8;east;1784,57
393;Ilm-Kreis;2012;38,85;46,06;5,29;70,3;12,7;2114,61;134,01;356,62;532,32;38,92;801;51;63,67;7,22;8,82;36,01;5,3;62,6;east;2434,82
394;Weimarer Land;2012;38,05;45,27;5,17;72,36;10,77;2047,97;102,13;281,29;569,04;34,4;803;33;41,1;13,92;2,95;36,35;14,2;60;east;1059,98
395;Sonneberg;2012;46,37;47,8;4,89;73,79;8,18;1902,36;129,23;299,07;576,75;41,2;465;28;60,22;18,78;3,21;58,42;6,5;53,7;east;595,97
396;Saalfeld-Rudolstadt;2012;40,75;48,09;5,07;73,63;9,59;2003,17;108,85;316,38;553,08;35,83;1004;49;48,8;28,99;1,68;37,23;8,9;55,7;east;3548,29
397;Saale-Holzland-Kreis;2012;36,32;46,29;4,98;71,46;11,71;1974,4;103,16;244,14;573,42;36,24;817;36;44,06;10,65;4,14;34,17;7,8;56,4;east;3160,63
398;Saale-Orla-Kreis;2012;47,41;46,92;5,02;76,73;7,66;1889,56;73,52;296,64;599,1;42,85;1148;41;35,71;11,99;2,98;36,11;1,4;68,1;east;14388,64
399;Greiz;2012;36,6;48,25;4,46;74,53;9,15;1893,23;122,46;217,97;588,23;37,39;844;40;47,39;13,57;3,49;41,93;4,3;101,2;east;3949,5
400;Altenburger Land;2012;34,05;48,75;4,71;72,92;8,18;1866,95;166,49;199,26;545,91;33,89;569;37;65,03;15,63;4,16;31,87;6,7;111,1;east;2173,88
